,File_name,Number 
0,CarLongPlate107 (1).jpg,51F20C754
1,CarLongPlate11 (1).jpg,51F22261
2,CarLongPlate115.jpg,50L004411
3,CarLongPlate131.jpg,51G29034
4,CarLongPlate135 (1).jpg,51G22807
5,CarLongPlate140 (1).jpg,51F59881
6,CarLongPlate182.jpg,51A45G74
7,CarLongPlate184.jpg,51F22261
8,CarLongPlate27.jpg,51F59881
9,CarLongPlate270.jpg,51A89714
10,CarLongPlate276.jpg,60A03868
11,CarLongPlate280.jpg,51G31691
12,CarLongPlate300.jpg,51F04275
13,CarLongPlate311.jpg,51G31691
14,CarLongPlate315.jpg,51F74776
15,CarLongPlate322.jpg,51049639
16,CarLongPlate334.jpg,51G51S36
17,CarLongPlate344.jpg,60A39951
18,CarLongPlate348.jpg,51F06532
19,CarLongPlate355.jpg,51F22029
20,CarLongPlate36 (1).jpg,51F06532
21,CarLongPlate361.jpg,51F59881
22,CarLongPlate371.jpg,51A69172
23,CarLongPlate381.jpg,51F22261
24,CarLongPlate382.jpg,30V3993
25,CarLongPlate390.jpg,51F79512
26,CarLongPlate400.jpg,51G47281
27,CarLongPlate409.jpg,1F88270
28,CarLongPlate418.jpg,51A05227
29,CarLongPlate420.jpg,51G21670
30,CarLongPlate427.jpg,51A01204
31,CarLongPlate443.jpg,51A25668
32,CarLongPlate457.jpg,48A02866
33,CarLongPlate459.jpg,52S7551
34,CarLongPlate467.jpg,51F44614
35,CarLongPlate47 (1).jpg,51A01204
36,CarLongPlate475.jpg,51051332I
37,CarLongPlate478.jpg,51F15585
38,CarLongPlate485.jpg,60A35981
39,CarLongPlate491.jpg,51F04275
40,CarLongPlate498.jpg,51G21797
41,CarLongPlate511.jpg,51F31118
42,CarLongPlate515.jpg,51A01204
43,CarLongPlate52 (1).jpg,51F61712
44,CarLongPlate522.jpg,51F64619
45,CarLongPlate527.jpg,51G21748
46,CarLongPlate533.jpg,51039466
47,CarLongPlate54 (1).jpg,48A05177
48,CarLongPlate553.jpg,51F22029
49,CarLongPlate6.jpg,51G51332
50,CarLongPlate749.jpg,51A69172
51,CarLongPlate776.jpg,48A05177
52,CarLongPlate788.jpg,51G47340
53,CarLongPlate859.jpg,86A06642
54,Cars0.png,KL010A2555
55,Cars1.png,PGKN112
56,Cars109.png,C2A7K0JD
57,Cars111.png,AH20EE7538
58,Cars13.png,
59,Cars14.png,ALR4B6
60,Cars140.png,CA01AN0001
61,Cars150.png,1L5C55
62,Cars159.png,DL7EN5511
63,Cars163.png,LR33TEE
64,Cars164.png,
65,Cars167.png,15LK10898
66,Cars187.png,ALR4B6
67,Cars197.png,LR33TEE
68,Cars252.png,DAN54P
69,Cars27.png,D2ATYXR
70,Cars3.png,D2ATYXR
71,Cars332.png,D2ATYXR
72,Cars34.png,DL7EN5511
73,Cars355.png,BKTP665
74,Cars369.png,15LK10898
75,Cars404.png,BHW
76,Cars415.png,
77,Cars416.png,172TMJ
78,Cars430.png,5C5955
79,Cars44.png,DL2CA60786
80,Cars48.png,ALR4B6
81,Cars53.png,CH100SE
82,Cars72.png,DL7EN5511
83,Cars74.png,C2A7K0JD
84,Cars96.png,PGKN112
85,cropped_parking_lot_110.JPG,KHHA7C79
86,cropped_parking_lot_12.JPG,JET7G88
87,cropped_parking_lot_122.JPG,KJE1158
88,cropped_parking_lot_130.JPG,CPUX5E621
89,cropped_parking_lot_136.JPG,TPH9R3
90,cropped_parking_lot_137.JPG,EEL9A82
91,cropped_parking_lot_138.JPG,RUD5L65
92,cropped_parking_lot_139.JPG,UAB0L81
93,cropped_parking_lot_14.JPG,PHI8H00
94,cropped_parking_lot_140.JPG,FPK3Q88
95,cropped_parking_lot_142.JPG,A2AX4053
96,cropped_parking_lot_143.JPG,11A71
97,cropped_parking_lot_144.JPG,HSL5T23
98,cropped_parking_lot_145.JPG,ZEF5K2A
99,cropped_parking_lot_147.JPG,GBH1M00
100,cropped_parking_lot_148.JPG,KY74
101,cropped_parking_lot_149.JPG,H2M2K75
102,cropped_parking_lot_151.JPG,NVH6Y89
103,cropped_parking_lot_153.JPG,N1M5
104,cropped_parking_lot_154.JPG,P1B0S63
105,cropped_parking_lot_155.JPG,26L5P13
106,cropped_parking_lot_156.JPG,HKU2A19
107,cropped_parking_lot_157.JPG,JY31
108,cropped_parking_lot_158.JPG,FLH4X93
109,cropped_parking_lot_160.JPG,DCH5QN73
110,cropped_parking_lot_162.JPG,EM0
111,cropped_parking_lot_163.JPG,
112,cropped_parking_lot_164.JPG,XJR2P46
113,cropped_parking_lot_165.JPG,A06
114,cropped_parking_lot_166.JPG,ICP7A36
115,cropped_parking_lot_169.JPG,ASP3E05
116,cropped_parking_lot_170.JPG,PPB2A51
117,cropped_parking_lot_171.JPG,C
118,cropped_parking_lot_172.JPG,GR0C8620
119,cropped_parking_lot_176.JPG,VDH6N79
120,cropped_parking_lot_180.JPG,YAT6058
121,cropped_parking_lot_248.JPG,B2Y8287
122,cropped_parking_lot_251.JPG,A
123,cropped_parking_lot_258.JPG,VYP6B50
124,cropped_parking_lot_268.JPG,FVG2QN86
125,cropped_parking_lot_269.JPG,LLG8C31
126,cropped_parking_lot_293.JPG,QNSS2N18
127,cropped_parking_lot_297.JPG,CDN1C22
128,cropped_parking_lot_32.JPG,MDD5C4A
129,cropped_parking_lot_33.JPG,IJV16
130,cropped_parking_lot_53.JPG,NHNA
131,cropped_parking_lot_72.JPG,UKT4B09
